[
  {
    "_id": "5c27b2e16a73f234d387bc51",
    "name": "Pablo Notti",
    "tel": "123123",
    "address": "San patricio",
    "city": "Obrien",
    "birthdate": "2018-12-29T17:04:47.226Z",
    "sex": "0",
    "afiliateNum": 123123123,
    "medicalCoverage": "5c270f16f122875fbc4fe5a7",
    "odontogram": [
      {
        "nro": 11,
        "top": false,
        "center": false,
        "bottom": false,
        "right": false,
        "left": false,
        "_id": "5c27b2e16a73f234d387bc85"
      },
      {
        "nro": 12,
        "top": false,
        "center": false,
        "bottom": false,
        "right": false,
        "left": false,
        "_id": "5c27b2e16a73f234d387bc84"
      },
      {
        "nro": 13,
        "top": false,
        "center": false,
        "bottom": false,
        "right": false,
        "left": false,
        "_id": "5c27b2e16a73f234d387bc83"
      },
      {
        "nro": 14,
        "top": false,
        "center": false,
        "bottom": false,
        "right": false,
        "left": false,
        "_id": "5c27b2e16a73f234d387bc82"
      },
      {
        "nro": 15,
        "top": false,
        "center": false,
        "bottom": false,
        "right": false,
        "left": false,
        "_id": "5c27b2e16a73f234d387bc81"
      },
      {
        "nro": 16,
        "top": false,
        "center": false,
        "bottom": false,
        "right": false,
        "left": false,
        "_id": "5c27b2e16a73f234d387bc80"
      },
      {
        "nro": 17,
        "top": false,
        "center": false,
        "bottom": false,
        "right": false,
        "left": false,
        "_id": "5c27b2e16a73f234d387bc7f"
      },
      {
        "nro": 18,
        "top": false,
        "center": false,
        "bottom": false,
        "right": false,
        "left": false,
        "_id": "5c27b2e16a73f234d387bc7e"
      },
      {
        "nro": 21,
        "top": false,
        "center": false,
        "bottom": false,
        "right": false,
        "left": false,
        "_id": "5c27b2e16a73f234d387bc7d"
      },
      {
        "nro": 22,
        "top": false,
        "center": false,
        "bottom": false,
        "right": false,
        "left": false,
        "_id": "5c27b2e16a73f234d387bc7c"
      },
      {
        "nro": 23,
        "top": false,
        "center": false,
        "bottom": false,
        "right": false,
        "left": false,
        "_id": "5c27b2e16a73f234d387bc7b"
      },
      {
        "nro": 24,
        "top": false,
        "center": false,
        "bottom": false,
        "right": false,
        "left": false,
        "_id": "5c27b2e16a73f234d387bc7a"
      },
      {
        "nro": 25,
        "top": false,
        "center": false,
        "bottom": false,
        "right": false,
        "left": false,
        "_id": "5c27b2e16a73f234d387bc79"
      },
      {
        "nro": 26,
        "top": false,
        "center": false,
        "bottom": false,
        "right": false,
        "left": false,
        "_id": "5c27b2e16a73f234d387bc78"
      },
      {
        "nro": 27,
        "top": false,
        "center": false,
        "bottom": false,
        "right": false,
        "left": false,
        "_id": "5c27b2e16a73f234d387bc77"
      },
      {
        "nro": 28,
        "top": false,
        "center": false,
        "bottom": false,
        "right": false,
        "left": false,
        "_id": "5c27b2e16a73f234d387bc76"
      },
      {
        "nro": 31,
        "top": false,
        "center": false,
        "bottom": false,
        "right": false,
        "left": false,
        "_id": "5c27b2e16a73f234d387bc75"
      },
      {
        "nro": 32,
        "top": false,
        "center": false,
        "bottom": false,
        "right": false,
        "left": false,
        "_id": "5c27b2e16a73f234d387bc74"
      },
      {
        "nro": 33,
        "top": false,
        "center": false,
        "bottom": false,
        "right": false,
        "left": false,
        "_id": "5c27b2e16a73f234d387bc73"
      },
      {
        "nro": 34,
        "top": false,
        "center": false,
        "bottom": false,
        "right": false,
        "left": false,
        "_id": "5c27b2e16a73f234d387bc72"
      },
      {
        "nro": 35,
        "top": false,
        "center": false,
        "bottom": false,
        "right": false,
        "left": false,
        "_id": "5c27b2e16a73f234d387bc71"
      },
      {
        "nro": 36,
        "top": false,
        "center": false,
        "bottom": false,
        "right": false,
        "left": false,
        "_id": "5c27b2e16a73f234d387bc70"
      },
      {
        "nro": 37,
        "top": false,
        "center": false,
        "bottom": false,
        "right": false,
        "left": false,
        "_id": "5c27b2e16a73f234d387bc6f"
      },
      {
        "nro": 38,
        "top": false,
        "center": false,
        "bottom": false,
        "right": false,
        "left": false,
        "_id": "5c27b2e16a73f234d387bc6e"
      },
      {
        "nro": 41,
        "top": false,
        "center": false,
        "bottom": false,
        "right": false,
        "left": false,
        "_id": "5c27b2e16a73f234d387bc6d"
      },
      {
        "nro": 42,
        "top": false,
        "center": false,
        "bottom": false,
        "right": false,
        "left": false,
        "_id": "5c27b2e16a73f234d387bc6c"
      },
      {
        "nro": 43,
        "top": false,
        "center": false,
        "bottom": false,
        "right": false,
        "left": false,
        "_id": "5c27b2e16a73f234d387bc6b"
      },
      {
        "nro": 44,
        "top": false,
        "center": false,
        "bottom": false,
        "right": false,
        "left": false,
        "_id": "5c27b2e16a73f234d387bc6a"
      },
      {
        "nro": 45,
        "top": false,
        "center": false,
        "bottom": false,
        "right": false,
        "left": false,
        "_id": "5c27b2e16a73f234d387bc69"
      },
      {
        "nro": 46,
        "top": false,
        "center": false,
        "bottom": false,
        "right": false,
        "left": false,
        "_id": "5c27b2e16a73f234d387bc68"
      },
      {
        "nro": 47,
        "top": false,
        "center": false,
        "bottom": false,
        "right": false,
        "left": false,
        "_id": "5c27b2e16a73f234d387bc67"
      },
      {
        "nro": 48,
        "top": false,
        "center": false,
        "bottom": false,
        "right": false,
        "left": false,
        "_id": "5c27b2e16a73f234d387bc66"
      },
      {
        "nro": 51,
        "top": false,
        "center": false,
        "bottom": false,
        "right": false,
        "left": false,
        "_id": "5c27b2e16a73f234d387bc65"
      },
      {
        "nro": 52,
        "top": false,
        "center": false,
        "bottom": false,
        "right": false,
        "left": false,
        "_id": "5c27b2e16a73f234d387bc64"
      },
      {
        "nro": 53,
        "top": false,
        "center": false,
        "bottom": false,
        "right": false,
        "left": false,
        "_id": "5c27b2e16a73f234d387bc63"
      },
      {
        "nro": 54,
        "top": false,
        "center": false,
        "bottom": false,
        "right": false,
        "left": false,
        "_id": "5c27b2e16a73f234d387bc62"
      },
      {
        "nro": 55,
        "top": false,
        "center": false,
        "bottom": false,
        "right": false,
        "left": false,
        "_id": "5c27b2e16a73f234d387bc61"
      },
      {
        "nro": 61,
        "top": false,
        "center": false,
        "bottom": false,
        "right": false,
        "left": false,
        "_id": "5c27b2e16a73f234d387bc60"
      },
      {
        "nro": 62,
        "top": false,
        "center": false,
        "bottom": false,
        "right": false,
        "left": false,
        "_id": "5c27b2e16a73f234d387bc5f"
      },
      {
        "nro": 63,
        "top": false,
        "center": false,
        "bottom": false,
        "right": false,
        "left": false,
        "_id": "5c27b2e16a73f234d387bc5e"
      },
      {
        "nro": 64,
        "top": false,
        "center": false,
        "bottom": false,
        "right": false,
        "left": false,
        "_id": "5c27b2e16a73f234d387bc5d"
      },
      {
        "nro": 65,
        "top": false,
        "center": false,
        "bottom": false,
        "right": false,
        "left": false,
        "_id": "5c27b2e16a73f234d387bc5c"
      },
      {
        "nro": 71,
        "top": false,
        "center": false,
        "bottom": false,
        "right": false,
        "left": false,
        "_id": "5c27b2e16a73f234d387bc5b"
      },
      {
        "nro": 72,
        "top": false,
        "center": false,
        "bottom": false,
        "right": false,
        "left": false,
        "_id": "5c27b2e16a73f234d387bc5a"
      },
      {
        "nro": 73,
        "top": false,
        "center": false,
        "bottom": false,
        "right": false,
        "left": false,
        "_id": "5c27b2e16a73f234d387bc59"
      },
      {
        "nro": 74,
        "top": false,
        "center": false,
        "bottom": false,
        "right": false,
        "left": false,
        "_id": "5c27b2e16a73f234d387bc58"
      },
      {
        "nro": 75,
        "top": false,
        "center": false,
        "bottom": false,
        "right": false,
        "left": false,
        "_id": "5c27b2e16a73f234d387bc57"
      },
      {
        "nro": 81,
        "top": false,
        "center": false,
        "bottom": false,
        "right": false,
        "left": false,
        "_id": "5c27b2e16a73f234d387bc56"
      },
      {
        "nro": 82,
        "top": false,
        "center": false,
        "bottom": false,
        "right": false,
        "left": false,
        "_id": "5c27b2e16a73f234d387bc55"
      },
      {
        "nro": 83,
        "top": false,
        "center": false,
        "bottom": false,
        "right": false,
        "left": false,
        "_id": "5c27b2e16a73f234d387bc54"
      },
      {
        "nro": 84,
        "top": false,
        "center": false,
        "bottom": false,
        "right": false,
        "left": false,
        "_id": "5c27b2e16a73f234d387bc53"
      },
      {
        "nro": 85,
        "top": false,
        "center": false,
        "bottom": false,
        "right": false,
        "left": false,
        "_id": "5c27b2e16a73f234d387bc52"
      }
    ],
    "medicalRecords": [],
    "__v": 0
  }
]
